First Name,Last Name,Country,Email,Date of Birth,Multi-Factor Authentication,Ledn Token Supply,Account Created,Referral
Kiana,Auer,CL,Maci.Johnston11@gmail.com,1978-06-27T21:48:28.458Z,null,704716566,2019-10-11T13:31:39.152Z,
Madisen,Lockman,HK,Emmanuelle52@yahoo.com,1985-05-14T00:12:10.757Z,null,84182207,2018-02-16T21:37:57.687Z,
Nova,Bruen,BR,Jordi6@yahoo.com,1972-07-21T04:18:44.159Z,null,654974669,2020-07-26T15:01:34.395Z,
Muriel,Collier,UY,Annabell7@gmail.com,1984-05-05T11:32:09.464Z,TOTP,164305297,2018-12-12T18:13:31.949Z,
Georgianna,Kihn,GT,Clay.Lubowitz@hotmail.com,1961-02-09T22:53:27.349Z,TOTP,538151067,2020-05-17T15:41:34.690Z,
Thomas,Prosacco,US,Rosetta_Block@gmail.com,1969-12-13T06:18:05.047Z,TOTP,482098521,2020-05-09T14:38:37.681Z,
Julianne,Armstrong,CO,Oliver_Kohler10@yahoo.com,1982-12-26T23:43:45.371Z,null,85210847,2018-09-24T04:42:55.525Z,
Sigurd,Gusikowski,AR,Robb37@hotmail.com,1991-08-08T15:10:15.920Z,null,834241561,2018-09-08T22:44:20.759Z,
Sadye,Macejkovic,AR,Alan.Kshlerin16@gmail.com,1997-01-28T13:17:11.072Z,null,23280293,2020-06-21T18:14:31.681Z,
Ivy,Kreiger,GT,Delia15@hotmail.com,1985-10-27T01:50:22.570Z,null,937949377,2020-10-20T22:22:19.520Z,
Pinkie,Conn,HK,Clark.Wolff@gmail.com,1970-12-29T08:32:40.265Z,null,677940746,2018-07-30T06:56:18.491Z,Janiya_Emard37@gmail.com
Aaron,Walker,CR,Aylin65@hotmail.com,1969-04-01T16:44:28.305Z,null,777890195,2020-05-25T02:07:24.317Z,
Hilario,Witting,PE,Christy.Schimmel44@yahoo.com,1993-03-11T01:21:49.112Z,SMS,918476493,2019-10-09T18:24:28.414Z,
Anjali,Jacobi,AU,Carley.Rau92@yahoo.com,1988-11-27T03:45:20.358Z,TOTP,677080263,2019-11-01T04:22:55.813Z,Gayle_Kohler@gmail.com
Lance,Sporer,VE,Antwon.Moore@gmail.com,1994-06-26T23:40:33.711Z,SMS,766982276,2018-09-18T19:59:33.764Z,
Shanny,Smitham,CO,Keenan_Parker@gmail.com,1993-03-03T15:08:35.740Z,TOTP,67904241,2018-11-01T09:38:59.817Z,
Ed,McLaughlin,CO,Rowena_Wintheiser@hotmail.com,1974-09-28T09:38:09.906Z,null,798116256,2018-11-21T21:17:51.413Z,
Madilyn,Medhurst,US,Agustina.Legros78@gmail.com,1958-03-30T13:42:41.550Z,SMS,177538156,2020-11-13T21:34:49.007Z,
Salma,Medhurst,MX,Jerod47@gmail.com,1999-11-02T22:35:56.730Z,null,226913667,2018-03-23T17:11:17.366Z,Ashton3@gmail.com
Geovany,Gulgowski,MX,Golden_Beier28@hotmail.com,1952-08-15T09:53:05.003Z,null,879586667,2018-03-26T03:16:15.923Z,
Lori,Greenholt,CO,Vivianne.Windler@hotmail.com,1986-11-01T16:45:10.419Z,SMS,87477480,2020-09-30T20:42:48.800Z,
Adrien,Harber,HK,Narciso96@yahoo.com,1997-10-23T06:14:54.650Z,null,434354111,2019-06-02T13:55:44.244Z,Rigoberto.Pfeffer@yahoo.com
Daniela,Spencer,CO,Jaydon98@hotmail.com,1965-05-15T09:39:24.377Z,null,653474318,2018-10-21T06:06:54.787Z,
Ariane,Bauch,UY,Horace.Halvorson50@gmail.com,1979-03-19T17:36:34.105Z,TOTP,300234733,2020-09-30T04:13:37.599Z,
Blaise,Gusikowski,PA,Tina37@gmail.com,1961-01-11T22:29:59.186Z,SMS,124214216,2020-05-28T03:53:19.716Z,
Pauline,Rohan,GT,Erich.Effertz91@gmail.com,1976-06-12T02:53:35.192Z,SMS,332721331,2019-11-10T03:12:37.114Z,Jevon.Howell@hotmail.com
Theresia,Stokes,HK,Osbaldo61@yahoo.com,1985-05-26T05:52:09.873Z,SMS,144826672,2018-11-15T20:29:52.284Z,
Dayne,Jacobs,EC,Marlin_Watsica78@yahoo.com,1955-12-22T05:23:34.238Z,TOTP,591593718,2018-04-28T15:40:46.321Z,
Henri,Kreiger,BR,Marcelino_Collier@yahoo.com,1991-09-03T00:05:25.503Z,SMS,878912342,2018-10-27T04:54:57.632Z,Candace15@gmail.com
Iva,Daniel,MX,Odie98@hotmail.com,1951-02-07T16:36:23.635Z,SMS,194146537,2018-01-21T06:39:08.931Z,
Hanna,Kuvalis,MX,Quentin.Pfeffer@yahoo.com,1955-12-05T03:06:29.412Z,null,49078209,2018-11-06T19:09:00.578Z,
Aliza,Schiller,UY,Camren.Cartwright65@gmail.com,1952-08-02T06:34:09.340Z,SMS,861521665,2020-01-16T22:30:12.938Z,
Leta,Fadel,PE,Floy31@yahoo.com,1983-10-30T06:16:08.389Z,TOTP,963575646,2020-01-31T21:23:36.175Z,Nathan.Wyman@hotmail.com
Mia,Lesch,EC,Rosemary44@gmail.com,1991-10-31T01:49:40.768Z,null,742862473,2020-06-20T11:13:35.767Z,
Elvis,D'Amore,CR,Robert.Frami52@yahoo.com,1988-10-01T14:52:30.974Z,null,471885588,2018-09-04T10:52:39.066Z,
Brielle,Deckow,EC,Karina.Boyer@yahoo.com,1954-01-30T09:30:57.163Z,TOTP,253330330,2018-01-03T03:17:46.432Z,
Aylin,Hintz,EC,Heloise.Conroy24@yahoo.com,1981-12-02T07:16:57.289Z,SMS,562201899,2018-01-19T16:17:02.994Z,
Cruz,Rogahn,CL,Tyler37@gmail.com,1956-03-23T03:38:51.923Z,TOTP,601423134,2020-09-03T14:13:44.041Z,
Devyn,Paucek,PY,Candace15@gmail.com,1951-08-01T02:06:24.427Z,null,702825259,2019-12-02T11:43:13.253Z,Emmanuelle52@yahoo.com
Alysson,Feeney,PY,Hester_OConnell@yahoo.com,1978-12-10T06:53:36.365Z,TOTP,218252755,2019-05-17T22:36:59.516Z,
Cristina,Bergstrom,EC,Melissa_Rau@hotmail.com,1951-07-30T04:54:59.948Z,TOTP,515991319,2018-08-21T05:20:25.592Z,
Christophe,Bednar,BR,Marisol_Wyman1@gmail.com,1975-10-19T00:09:41.215Z,null,563338248,2020-03-02T20:26:41.779Z,
Lauren,Abbott,AR,Mackenzie47@gmail.com,1997-05-12T03:02:22.763Z,SMS,882843964,2019-09-14T19:25:19.935Z,
Aisha,Mitchell,VE,Alexane_OKeefe@hotmail.com,1995-09-10T18:18:01.599Z,TOTP,708073936,2019-07-03T21:10:52.427Z,Katheryn.Block68@gmail.com
Watson,Wolf,AR,Grace.Schmitt90@yahoo.com,1966-04-05T15:17:20.180Z,TOTP,615016382,2019-09-08T18:12:21.222Z,
Herbert,Brakus,HK,Miracle81@gmail.com,1972-08-22T04:37:42.271Z,TOTP,597198238,2020-02-24T21:12:53.185Z,Miracle81@gmail.com
Ramon,Cremin,US,Christina_Leffler54@yahoo.com,1956-07-20T08:37:11.350Z,null,872047732,2020-03-13T17:39:45.230Z,Gladyce.Stehr99@hotmail.com
Cody,Wisoky,PA,Cody_Kautzer@hotmail.com,1963-10-29T06:20:17.331Z,SMS,301967875,2020-02-04T20:32:11.643Z,Alan.Kshlerin16@gmail.com
Maxime,Reinger,PA,Estel.McCullough@yahoo.com,1950-08-11T16:09:42.112Z,SMS,896262258,2019-05-07T12:31:09.843Z,Dario_Friesen16@yahoo.com
Elvera,Turner,MX,Kaleb.Kerluke@yahoo.com,1989-12-14T12:54:00.714Z,TOTP,686396829,2018-03-17T11:40:16.966Z,Electa.Schultz@gmail.com
Amari,Runte,AU,Conrad.Buckridge@hotmail.com,1964-10-26T16:34:51.525Z,SMS,38178847,2020-03-15T07:05:36.993Z,
Roel,Langosh,PY,Isobel.Bosco68@yahoo.com,1972-11-12T08:25:37.378Z,TOTP,195440789,2018-09-08T05:09:00.243Z,Gayle_Kohler@gmail.com
Molly,Fadel,CR,Jacques_Lind@gmail.com,1969-07-12T07:35:54.949Z,null,381362860,2019-03-26T11:56:11.197Z,Cortney_Ullrich97@gmail.com
Aliya,Shanahan,UY,Florida.Kris@hotmail.com,1992-04-04T05:06:17.780Z,null,396084917,2018-04-12T14:47:50.498Z,
Paul,Wolf,PY,Arne.OReilly20@gmail.com,1974-08-17T22:38:23.081Z,TOTP,410897519,2018-02-11T13:48:48.605Z,
Montana,Bergnaum,AU,Elva_Satterfield@hotmail.com,1978-11-16T13:57:59.701Z,null,294094461,2018-12-05T09:08:56.615Z,
Theresa,Stroman,GT,Trystan89@gmail.com,1952-01-08T22:19:47.384Z,null,866831423,2018-03-05T07:25:52.300Z,Leland52@yahoo.com
Lois,O'Hara,AU,Jeanie_Berge@hotmail.com,1992-08-31T23:49:12.622Z,null,595824905,2019-05-26T12:00:00.379Z,Nathanael_Schultz3@gmail.com
Mossie,McClure,BR,Edmond_Wisozk74@gmail.com,1967-12-04T03:39:12.508Z,null,400831475,2018-03-16T03:53:19.630Z,
Roel,Welch,MX,Hulda61@hotmail.com,1994-09-22T00:17:44.857Z,SMS,860958478,2019-11-03T11:51:47.885Z,
Mitchell,Schiller,PY,Shaun10@gmail.com,1985-02-10T12:25:21.282Z,SMS,718595878,2020-10-02T06:12:28.299Z,
Makayla,Bashirian,CO,Nathanial.Mueller@yahoo.com,1966-05-27T09:02:02.456Z,null,69499248,2018-05-26T21:10:11.574Z,
Jedidiah,Dach,AU,Newell.Streich@hotmail.com,1955-09-20T07:23:02.290Z,null,397642036,2019-05-13T11:47:31.645Z,Marlene78@gmail.com
Warren,Beer,PY,Hadley69@hotmail.com,1983-12-29T16:25:45.146Z,SMS,863336745,2018-05-25T19:31:49.546Z,Miles.Hauck33@yahoo.com
Otha,Waelchi,PY,Herminia_Hegmann78@yahoo.com,1953-02-01T16:12:43.978Z,TOTP,272182296,2019-07-11T07:21:39.347Z,
Reginald,Cronin,CO,Llewellyn71@gmail.com,1960-10-23T09:21:32.550Z,SMS,597841738,2020-06-01T11:38:14.476Z,Kody_Pfeffer@gmail.com
Cecilia,Connelly,EC,Heloise_Koch52@gmail.com,1970-05-24T23:02:06.174Z,TOTP,595991293,2018-01-23T18:06:45.400Z,
Sofia,Dach,BR,Deonte67@yahoo.com,1952-03-12T21:53:35.789Z,null,366462138,2019-06-20T05:53:14.257Z,
Margaretta,Dibbert,HK,Arjun_Ritchie4@gmail.com,1995-04-06T22:41:49.994Z,SMS,611733150,2019-08-03T15:38:36.288Z,
Fatima,Mitchell,VE,Trystan_Reynolds68@gmail.com,1996-10-22T10:49:31.617Z,SMS,447413802,2019-03-23T03:50:43.711Z,
Ryleigh,Schimmel,UY,Jevon.Howell@hotmail.com,1994-01-28T17:18:21.672Z,null,347230803,2019-07-21T03:40:36.593Z,
Lavon,Larkin,EC,Pat_Nienow@yahoo.com,1979-03-29T05:40:49.318Z,SMS,896412134,2020-05-06T12:49:11.554Z,
Garret,Dickens,CL,Gayle_Kohler@gmail.com,1991-06-25T01:25:28.174Z,TOTP,3930712,2018-11-13T17:04:11.747Z,
Jimmie,Fritsch,GT,Eula14@hotmail.com,1978-04-17T23:01:25.360Z,null,162197703,2019-02-01T03:02:21.769Z,
Daryl,Larson,VE,Nathanael_Schultz3@gmail.com,1996-02-08T17:47:08.348Z,null,509033219,2020-09-29T06:38:01.719Z,Randal.OConnell@gmail.com
Lynn,McLaughlin,UY,Tania_Wilderman2@yahoo.com,1966-08-23T08:53:59.470Z,null,886404956,2019-01-15T04:59:41.281Z,
Urban,Gleason,CA,Parker61@yahoo.com,1950-07-24T01:36:16.429Z,TOTP,107063542,2019-02-05T20:42:40.883Z,Deonte67@yahoo.com
Amparo,Rowe,UY,Robin_Blick14@gmail.com,1960-11-27T21:23:10.602Z,TOTP,676409616,2020-06-27T18:04:22.510Z,
Citlalli,Reichel,DO,Queen7@hotmail.com,1974-03-16T00:54:37.325Z,SMS,391604292,2018-05-07T03:28:08.041Z,
Celestine,Kerluke,BR,Moriah.Stoltenberg@hotmail.com,1988-08-21T19:38:37.846Z,null,300936605,2018-10-21T00:10:14.295Z,
Sister,Raynor,CL,Maximus_Ankunding@yahoo.com,1970-03-30T08:14:51.759Z,null,312528481,2020-08-13T00:53:22.614Z,Heloise_Koch52@gmail.com
Jefferey,Kuvalis,PY,Damian.Corkery12@gmail.com,1978-12-30T19:31:11.042Z,null,531983929,2020-10-18T22:49:04.665Z,
Jameson,Auer,CR,Rusty_Schultz29@yahoo.com,1993-12-29T13:32:43.004Z,SMS,456954747,2018-05-18T02:20:06.601Z,
Breanna,Oberbrunner,EC,Sigurd66@yahoo.com,1953-12-22T09:17:42.987Z,TOTP,718358321,2019-08-15T09:01:03.509Z,Breanne.Tremblay@hotmail.com
Monica,Berge,US,Pearl1@gmail.com,1999-04-04T04:50:45.421Z,null,392093858,2019-10-15T04:02:46.943Z,Leland52@yahoo.com
Dante,Bauch,BR,Damaris24@gmail.com,1950-01-08T11:18:13.758Z,null,323592014,2019-02-23T06:12:05.186Z,
Maci,Mann,CA,Mitchel.Denesik2@hotmail.com,1990-10-16T04:09:57.456Z,null,614512665,2018-05-19T00:18:53.787Z,
Giovanny,Heidenreich,UY,Karolann.Boyer@hotmail.com,1994-10-22T23:21:04.140Z,SMS,510877255,2020-04-14T19:02:43.825Z,Keenan_Parker@gmail.com
Corrine,Hilll,PA,Olga_Lang65@gmail.com,1962-01-13T03:32:27.459Z,SMS,285301132,2018-11-27T15:01:47.808Z,
Kolby,Bergnaum,CA,Arthur.Ernser@hotmail.com,1972-05-31T11:58:13.558Z,null,62850366,2018-12-21T05:37:26.596Z,
Oda,Adams,MX,Jamey67@hotmail.com,1998-06-27T17:02:53.054Z,SMS,68959254,2019-12-30T01:57:20.389Z,Conrad.Buckridge@hotmail.com
Kathleen,Nitzsche,BR,Janiya_Koch25@gmail.com,1988-08-18T19:47:05.216Z,null,13897941,2020-02-21T15:58:00.077Z,
Jake,Nienow,DO,Katheryn.Block68@gmail.com,1967-10-25T01:10:16.350Z,SMS,322697954,2019-03-20T07:41:12.255Z,
Izaiah,Flatley,CO,Tamara25@gmail.com,1992-01-21T17:28:16.733Z,TOTP,343115776,2018-11-15T05:39:24.945Z,Hester_OConnell@yahoo.com
Gust,Bailey,BR,Napoleon86@yahoo.com,1964-11-21T08:19:59.018Z,SMS,817270466,2018-05-27T03:30:16.204Z,Solon79@hotmail.com
Janelle,Weimann,CR,Kaden_Thiel33@hotmail.com,1969-03-02T00:05:42.352Z,SMS,527447047,2018-11-29T00:10:35.001Z,Delia15@hotmail.com
Arianna,Gerhold,UY,Magnus40@gmail.com,1996-03-22T15:22:25.466Z,SMS,765577310,2019-11-14T01:23:57.071Z,
Madisen,Nader,AU,Dario_Friesen16@yahoo.com,1950-10-08T21:23:55.921Z,SMS,949542894,2019-01-15T07:48:42.143Z,Tania_Wilderman2@yahoo.com
Abelardo,Harber,CO,Kira_Predovic@hotmail.com,1987-08-24T12:19:58.891Z,null,945732466,2019-02-23T00:30:13.110Z,
Wilfredo,Kirlin,UY,Keven.Mertz10@hotmail.com,1962-04-04T12:04:14.160Z,TOTP,636035955,2020-05-03T05:51:54.922Z,Maci.Johnston11@gmail.com
Dorcas,Weber,MX,Conrad_Huels84@hotmail.com,1980-08-14T05:17:28.333Z,null,891227125,2018-12-18T05:19:11.403Z,Rusty_Schultz29@yahoo.com
Nikko,Robel,PE,Miles.Hauck33@yahoo.com,1988-01-11T23:19:28.428Z,null,675576883,2018-07-05T09:13:58.560Z,
Jacquelyn,Graham,GT,Evangeline_Kassulke@gmail.com,1999-10-28T05:01:17.518Z,SMS,145373006,2020-06-22T08:36:25.624Z,Ivy.Friesen90@gmail.com
Ayla,Gleichner,PY,Sunny_Wilderman@gmail.com,1969-05-16T09:52:35.266Z,SMS,916582402,2018-09-28T19:20:49.514Z,
Winston,Crooks,PE,Dudley.Jacobi@yahoo.com,1957-03-07T20:11:59.952Z,TOTP,990073272,2019-05-09T18:56:18.219Z,Odie98@hotmail.com
Maryam,Bernier,DO,Angela_Kassulke@yahoo.com,1973-06-19T19:39:28.968Z,null,191481501,2018-11-13T20:07:25.889Z,Carlie_Herman@hotmail.com
Kathlyn,Thompson,MX,Mozell20@hotmail.com,1979-06-17T08:36:53.569Z,SMS,348047491,2018-03-08T01:55:13.768Z,
Brook,Waters,AR,Selina13@hotmail.com,1955-04-19T22:12:37.207Z,SMS,170673802,2018-04-15T00:00:02.995Z,Nathan_Altenwerth98@yahoo.com
Meta,Grimes,GT,Electa.Schultz@gmail.com,1995-09-10T07:41:56.394Z,null,382265971,2020-11-01T04:00:23.995Z,
Jed,Lubowitz,HK,Destini22@gmail.com,1951-10-19T21:14:45.010Z,TOTP,584458308,2018-10-18T02:44:32.898Z,
Gilbert,Jones,HK,Arvilla98@gmail.com,1999-12-02T16:22:21.385Z,null,644388427,2019-02-13T02:39:00.016Z,
Hadley,Glover,UY,Ophelia52@hotmail.com,1975-02-17T02:59:06.505Z,null,413771608,2019-12-19T20:06:54.464Z,Nathanial.Mueller@yahoo.com
Thad,Bartoletti,HK,Geo9@gmail.com,1954-07-16T20:07:48.966Z,null,140429506,2019-04-12T07:44:35.072Z,Vesta.Koss@yahoo.com
Cristian,McLaughlin,AU,Buford27@gmail.com,1998-11-11T20:11:22.049Z,SMS,688830706,2019-04-05T05:50:31.150Z,Jaydon98@hotmail.com
Maude,Deckow,GT,Brennon_Homenick95@gmail.com,1950-03-03T14:09:22.939Z,TOTP,759763244,2019-07-06T17:53:42.391Z,Hester_OConnell@yahoo.com
Alysha,Wiegand,GT,Carol.Rath57@yahoo.com,1950-03-06T12:44:59.094Z,SMS,182701854,2019-01-15T00:57:30.183Z,
Agustin,Koss,MX,Angelita_Kuhlman@yahoo.com,1969-02-06T10:27:33.697Z,TOTP,744966211,2018-09-17T19:22:43.503Z,
Orion,Romaguera,BR,Tyrel51@gmail.com,1991-02-19T05:34:54.738Z,null,12440679,2018-11-21T06:41:54.238Z,Odie98@hotmail.com
Cora,Gislason,BR,Lorna.Hills18@hotmail.com,1982-07-18T18:52:17.506Z,null,56356755,2019-09-07T19:23:12.397Z,
Lina,Hartmann,AU,Kole.Sawayn@yahoo.com,1991-09-25T11:42:37.534Z,null,883738550,2018-11-03T07:23:01.304Z,
Lou,Jacobi,MX,Cheyenne.Rogahn84@gmail.com,1982-10-19T12:49:19.566Z,TOTP,159032171,2019-01-18T16:46:12.412Z,Zola16@gmail.com
Edgar,Torphy,MX,Franz.Balistreri92@gmail.com,1971-03-07T13:27:42.994Z,null,559131786,2018-10-28T11:21:22.303Z,
Dejah,Tremblay,AU,Kaylin_Schoen98@yahoo.com,1968-08-17T22:37:37.037Z,null,393824992,2019-01-04T23:37:27.328Z,
Eileen,Schuppe,PY,Gladyce.Stehr99@hotmail.com,1951-01-20T20:58:02.241Z,TOTP,935128291,2020-07-29T22:47:47.142Z,
Linnea,Grimes,CR,Doyle83@hotmail.com,1990-05-23T07:40:31.822Z,TOTP,367687847,2020-08-24T17:55:05.177Z,
Johnathon,Hane,CO,Julien_Kling@yahoo.com,1994-02-06T22:17:49.209Z,SMS,824320597,2019-04-29T12:54:07.333Z,
Trudie,Bogan,BR,Lela.Hermann@hotmail.com,1988-09-22T01:47:41.748Z,null,506517092,2019-05-31T12:52:01.390Z,Randal.OConnell@gmail.com
Lauren,Padberg,AU,Leland52@yahoo.com,1977-04-11T05:18:18.923Z,TOTP,584303879,2020-02-29T15:16:50.834Z,
Loraine,Sanford,BR,Agnes_Daugherty67@yahoo.com,1985-05-19T02:33:59.328Z,null,965013528,2018-11-17T10:12:13.714Z,
Kyleigh,Jacobi,AR,Lourdes95@hotmail.com,1958-05-02T04:34:24.038Z,null,400887972,2019-08-05T19:37:47.652Z,Jeanie_Berge@hotmail.com
Lenna,Franecki,AU,Stanley.Champlin@gmail.com,1995-04-15T21:58:55.372Z,null,618072235,2020-11-13T22:26:02.558Z,
Adrien,Herman,PY,Savannah.Bashirian19@yahoo.com,1992-10-09T22:42:55.045Z,null,748565465,2019-06-14T22:49:58.756Z,
Gilda,Kertzmann,VE,Karine_Hand17@hotmail.com,1977-05-19T22:47:05.821Z,TOTP,888528350,2019-04-05T19:21:31.553Z,Mackenzie47@gmail.com
Vernon,Wisoky,MX,Bart4@hotmail.com,1963-06-24T18:55:03.217Z,TOTP,670012827,2019-09-24T18:09:20.418Z,
Jamar,Donnelly,VE,Reginald.Towne6@yahoo.com,1967-10-05T21:26:05.358Z,TOTP,380250573,2019-05-21T12:08:49.592Z,
River,Stracke,MX,Modesto_Dibbert@gmail.com,1973-01-20T04:08:30.781Z,TOTP,197360685,2020-05-21T06:29:33.144Z,
Onie,Stark,PE,Rylee_Watsica48@gmail.com,1989-07-11T15:42:26.226Z,TOTP,354326635,2018-10-10T07:29:52.571Z,
Stephanie,O'Reilly,PY,Kody_Pfeffer@gmail.com,1973-12-29T06:01:33.660Z,TOTP,160037331,2019-10-05T19:37:52.694Z,
Jose,Treutel,CO,Arnaldo40@yahoo.com,1982-08-15T04:35:46.708Z,TOTP,215932900,2020-08-21T04:22:50.078Z,
Erin,Hand,CA,Rudolph79@hotmail.com,1952-08-12T02:07:37.664Z,TOTP,490786576,2019-09-30T04:18:48.311Z,
Cecilia,Ledner,VE,Breanne.Tremblay@hotmail.com,1974-07-22T23:42:56.545Z,SMS,865194166,2020-07-15T05:27:12.642Z,
Elva,Weissnat,CR,Solon79@hotmail.com,1977-05-30T04:17:37.376Z,null,354910896,2019-10-19T04:11:01.807Z,Rigoberto.Pfeffer@yahoo.com
Bria,Cole,EC,Minnie_Orn@hotmail.com,1959-09-14T17:53:52.317Z,null,146721355,2019-01-12T09:10:43.770Z,
Johathan,Cormier,PY,Khalid63@gmail.com,1951-04-10T06:11:28.909Z,SMS,53846800,2018-05-17T00:31:44.419Z,Annabell.Tremblay@yahoo.com
Cary,Yost,PE,Brisa_Schneider@yahoo.com,1958-05-03T16:25:58.889Z,null,809231679,2019-04-25T19:39:02.475Z,
Brianne,Glover,EC,Agustin.Heaney@hotmail.com,1982-05-05T01:34:54.323Z,SMS,82555003,2020-07-30T06:44:14.942Z,
Deonte,Waelchi,MX,Octavia70@gmail.com,1978-09-02T10:42:49.938Z,TOTP,554741595,2018-08-31T18:23:40.086Z,
Darrel,Gerhold,CA,Hayden.Conroy@hotmail.com,1955-11-28T22:06:24.370Z,SMS,950612300,2020-01-01T20:01:33.919Z,
Hiram,McClure,UY,Arlo_Huel2@hotmail.com,1963-03-23T13:05:52.130Z,SMS,232306071,2020-01-02T20:22:32.434Z,
Ron,Wehner,CR,Earl.Quigley39@yahoo.com,1954-09-10T05:36:15.225Z,SMS,305528263,2018-10-28T22:16:17.633Z,Delia15@hotmail.com
Vita,Schmeler,CR,Harvey.Wilkinson10@yahoo.com,1952-02-09T20:13:23.795Z,TOTP,823884736,2020-07-21T19:48:09.450Z,
Marilie,Mitchell,CR,Alex57@yahoo.com,1960-09-05T15:23:05.117Z,SMS,615476130,2018-01-30T08:12:09.658Z,
Murphy,Crona,EC,Sandra10@yahoo.com,1982-07-04T15:29:42.902Z,SMS,413573956,2018-11-10T01:11:54.484Z,
Nella,Sipes,PY,Kasey.Gibson17@hotmail.com,1954-09-20T10:28:50.195Z,TOTP,372646477,2019-03-04T13:50:23.134Z,Annabell.Schroeder@yahoo.com
Kris,Waters,EC,Coby7@gmail.com,1959-10-14T12:01:24.761Z,null,481338385,2020-11-20T02:44:04.076Z,
Larue,Boyle,AU,Ashton3@gmail.com,1952-04-15T09:27:28.949Z,TOTP,345377360,2018-07-28T08:33:34.991Z,
Jaden,Glover,CL,Eliane_Upton@yahoo.com,1988-03-24T10:58:57.655Z,TOTP,550978881,2020-10-16T14:43:12.088Z,
Carey,Kuvalis,PY,Clifford90@gmail.com,1963-08-30T19:10:18.307Z,TOTP,553706009,2019-02-02T06:29:16.994Z,
Adolfo,Reichert,PE,Ashton.Swift@hotmail.com,1982-08-07T05:46:55.624Z,null,469629411,2019-07-19T23:49:51.093Z,
Gene,Strosin,UY,Nyasia_Farrell@hotmail.com,1972-01-26T19:35:11.718Z,TOTP,402970353,2019-02-07T14:55:01.323Z,
Stephany,Ruecker,CO,Dallas.Larkin35@yahoo.com,1997-04-14T13:42:00.993Z,TOTP,645200698,2019-03-12T03:18:02.492Z,
Amalia,Stoltenberg,DO,Janiya_Emard37@gmail.com,1956-01-27T23:56:30.081Z,TOTP,148970348,2020-02-20T02:00:24.607Z,
Jessica,Batz,PY,Kip.Emmerich16@yahoo.com,1970-11-27T18:05:07.035Z,null,765207424,2020-01-30T01:39:05.692Z,
Stevie,Waters,UY,Randal.OConnell@gmail.com,1973-06-22T11:32:17.402Z,TOTP,96585235,2019-12-15T05:28:37.850Z,
Bryce,Bailey,PE,Hoyt47@gmail.com,1958-01-18T09:40:27.044Z,TOTP,957177627,2020-05-13T16:06:45.640Z,Cheyenne.Rogahn84@gmail.com
Matteo,Kertzmann,AU,Kris.Huels30@gmail.com,1969-12-30T07:13:06.764Z,null,726393846,2018-04-17T16:54:19.086Z,Emmanuelle52@yahoo.com
Elena,Homenick,PY,Carlie_Herman@hotmail.com,1950-05-15T15:19:41.341Z,SMS,88694197,2018-11-14T05:42:55.633Z,
Monique,Bailey,CA,Zola16@gmail.com,1985-08-06T12:45:46.285Z,SMS,336578182,2018-01-11T18:39:21.568Z,Annabell7@gmail.com
Wilfredo,Olson,PA,Stella_Waelchi65@yahoo.com,1965-11-29T07:28:03.907Z,SMS,134290574,2019-01-09T01:30:28.978Z,
Elyssa,Reinger,UY,Arielle_Schaden21@hotmail.com,1993-02-23T02:20:20.236Z,SMS,829411907,2018-12-19T01:57:14.246Z,Deonte67@yahoo.com
Gisselle,Goyette,AR,Austen34@hotmail.com,1986-04-02T00:24:12.645Z,TOTP,835293279,2018-08-20T02:31:54.534Z,
Nikita,Ortiz,BR,Hattie_Johnston@yahoo.com,1988-08-10T19:21:09.500Z,SMS,465096313,2020-04-29T22:35:49.174Z,Dudley.Jacobi@yahoo.com
Vladimir,Berge,DO,Sean83@hotmail.com,1995-09-04T10:25:34.025Z,SMS,706808645,2019-03-11T00:03:43.990Z,
Elton,Williamson,PE,Marlene78@gmail.com,1967-09-22T18:46:16.814Z,TOTP,777020731,2018-11-25T17:15:34.991Z,
Vincenzo,Cummerata,AU,Desiree.Rowe38@yahoo.com,1999-09-23T01:18:37.816Z,null,435755979,2019-03-29T17:40:36.297Z,Marlin_Watsica78@yahoo.com
Cole,Purdy,VE,Madeline.MacGyver@gmail.com,1955-12-12T23:31:52.679Z,TOTP,656273128,2018-11-09T10:17:18.175Z,Aylin65@hotmail.com
Alphonso,Swaniawski,CA,Pauline.Jakubowski@hotmail.com,1951-02-28T07:37:33.844Z,TOTP,146516969,2019-02-21T08:48:12.364Z,
Esteban,O'Conner,BR,Annabell.Schroeder@yahoo.com,1953-07-07T03:59:20.983Z,null,17828478,2018-04-01T09:37:04.819Z,Randal.OConnell@gmail.com
Joaquin,Williamson,CA,Domenic67@hotmail.com,1980-04-25T12:25:42.261Z,SMS,265318630,2020-07-03T15:21:33.253Z,
Claude,Strosin,PA,Cortney_Ullrich97@gmail.com,1987-01-06T09:38:26.272Z,TOTP,721329286,2019-10-08T02:58:20.699Z,
Gardner,Waelchi,BR,Ivy.Friesen90@gmail.com,1973-10-18T05:00:54.587Z,SMS,787705641,2019-12-24T14:19:39.211Z,
Juanita,Bode,US,Darian30@hotmail.com,1977-05-03T07:16:01.705Z,null,306589709,2019-07-29T08:52:11.042Z,Pauline.Jakubowski@hotmail.com
Edythe,Greenfelder,AR,Eladio.Strosin60@yahoo.com,1991-01-14T07:42:49.479Z,TOTP,457665888,2019-11-26T00:55:17.190Z,Horace.Halvorson50@gmail.com
Rosamond,Rohan,CL,Reinhold.Stroman@yahoo.com,1970-04-24T03:03:22.325Z,null,842280779,2020-11-15T12:56:13.024Z,Shaun10@gmail.com
Bobby,Crist,PY,Annabell.Tremblay@yahoo.com,1962-08-30T04:38:59.996Z,TOTP,578578961,2018-08-30T18:38:57.621Z,
Simeon,Borer,VE,Fredrick.Braun@yahoo.com,1981-09-23T19:31:18.822Z,TOTP,605196277,2020-01-19T22:02:05.177Z,Domenic67@hotmail.com
Pansy,Ruecker,AR,Bret_Zieme@gmail.com,1999-10-07T03:11:29.732Z,SMS,889871980,2020-06-03T13:55:49.750Z,
Cristian,Herzog,CR,Adela_McCullough@yahoo.com,1964-04-16T18:27:52.036Z,SMS,584600224,2020-07-29T13:01:09.865Z,
Zakary,Baumbach,DO,Rigoberto.Pfeffer@yahoo.com,1985-09-17T03:19:43.302Z,TOTP,613152305,2019-05-01T16:55:59.121Z,
Oren,Maggio,CL,Dianna78@gmail.com,1970-01-17T16:01:59.506Z,SMS,33210569,2019-10-29T15:02:56.116Z,Desiree.Rowe38@yahoo.com
Ryleigh,Quigley,CO,Cassie.Dietrich34@yahoo.com,1971-04-19T21:24:08.571Z,null,834439424,2018-08-26T02:57:04.189Z,
Camilla,Kuvalis,MX,Antonette83@yahoo.com,1984-03-28T22:55:24.207Z,SMS,51578279,2018-04-09T21:53:44.798Z,
Lavina,Bayer,EC,Nathan.Wyman@hotmail.com,1983-04-22T01:36:12.619Z,null,68630945,2019-12-31T11:38:26.981Z,Rowena_Wintheiser@hotmail.com
Walton,Veum,US,Vesta.Koss@yahoo.com,1974-08-11T16:52:11.017Z,TOTP,42735746,2018-07-27T13:48:34.625Z,
Max,Kreiger,US,Enos.Daugherty@gmail.com,1959-05-23T15:07:26.691Z,null,970186872,2018-08-24T00:07:16.758Z,
Jaclyn,Macejkovic,CO,Elfrieda.Jacobson53@hotmail.com,1985-12-13T06:06:10.336Z,TOTP,850353328,2020-08-30T00:17:27.036Z,Harvey.Wilkinson10@yahoo.com
Justine,Hyatt,CL,Nova0@yahoo.com,1957-12-01T00:53:12.362Z,SMS,306628551,2018-03-21T16:57:53.131Z,
Elza,Johnston,HK,Douglas.Jacobi@yahoo.com,1995-06-22T14:08:27.822Z,SMS,151101452,2019-01-03T06:04:01.905Z,
Erna,Lubowitz,CA,Kelley47@yahoo.com,1992-07-06T02:17:22.123Z,TOTP,989702553,2019-04-13T06:16:37.960Z,
Lea,Mueller,BR,Nathan_Altenwerth98@yahoo.com,1993-03-02T05:22:40.031Z,TOTP,918434652,2019-02-24T13:26:05.331Z,
